All stats are averaged over 10-runs,,,,,,,
N_zp,T,K,tiles (per dim),Runtime [micro-s./frame],Runtime variance,FPS [frames/s.],cycle-count [clock-tics/frame]
1026,1026,3,1,21787.8,4266.48,48,8.72E+07
1026,1025,3,2,74507.7,30628.2,14.5,2.98E+08
1026,1024,3,2,58783.9,374.86,16.7,2.35E+08
1026,1023,3,2,59537.9,510.607,16.2,2.38E+08
1026,1022,3,2,58185.2,195.808,17,2.33E+08
1026,1021,3,2,75911.3,34039.6,14.1,3.04E+08
1026,1020,3,2,74447.8,26608.1,14.4,2.98E+08
1026,1019,3,2,58511.5,658.048,16.8,2.34E+08
1026,1018,3,2,73619.7,34073.1,14.8,2.94E+08
1026,1017,3,2,74282.9,33678.5,14.4,2.97E+08
1026,1016,3,2,59310.9,498.888,16.3,2.37E+08
1026,1015,3,2,75724.9,34023.3,14.1,3.03E+08
1026,1014,3,2,57579.6,555.514,17,2.30E+08
1026,1013,3,2,57561.3,448.026,17,2.30E+08
1026,1012,3,2,60024.3,361.749,16,2.40E+08
1026,1011,3,2,57224.6,222.261,17,2.29E+08
1026,1010,3,2,52313.8,560.832,18.8,2.09E+08
1026,1009,3,2,57367.4,465.605,17,2.29E+08
1026,1008,3,2,59220.8,476.797,16.4,2.37E+08
1026,1007,3,2,72032.9,29592.2,14.9,2.88E+08
1026,1006,3,2,56430.5,548.499,17.3,2.26E+08
1026,1005,3,2,58864,719.39,16.6,2.35E+08
1026,1004,3,2,56632.3,344.774,17,2.27E+08
1026,1003,3,2,56407.1,522.404,17.3,2.26E+08
1026,1002,3,2,55988.2,566.967,17.5,2.24E+08
1026,1001,3,2,58183.2,474.941,17,2.33E+08
1026,1000,3,2,57714.4,647.634,17,2.31E+08
1026,999,3,2,55536.5,510.943,17.9,2.22E+08
1026,998,3,2,66804.6,33123.6,16.5,2.67E+08
1026,997,3,2,58147.8,7627.34,17.2,2.33E+08
1026,996,3,2,55975.8,395.616,17.6,2.24E+08
1026,995,3,2,46711.1,523.195,21.2,1.87E+08
1026,994,3,2,57038.5,777.271,16.9,2.28E+08
1026,993,3,2,56807.8,528.41,17.1,2.27E+08
1026,992,3,2,70242.1,29534,15.4,2.81E+08
1026,991,3,2,54843.1,1256.68,17.9,2.19E+08
1026,990,3,2,54824.4,457.096,18,2.19E+08
1026,989,3,2,57514.9,775.534,16.9,2.30E+08
1026,988,3,2,69829.5,25490.4,15.4,2.79E+08
1026,987,3,2,54119,586.31,18,2.16E+08
1026,986,3,2,69468.6,32959.7,15.9,2.78E+08
1026,985,3,2,55845.5,406.11,17.7,2.23E+08
1026,984,3,2,54375.5,1103.72,17.9,2.18E+08
1026,983,3,2,53888.1,765.864,18.1,2.16E+08
1026,982,3,2,69254.3,28988.6,15.6,2.77E+08
1026,981,3,2,52969,334.979,18.4,2.12E+08
1026,980,3,2,45165.2,629.373,21.8,1.81E+08
1026,979,3,2,55253.4,244.806,18,2.21E+08
1026,978,3,2,54986.9,436.674,18,2.20E+08
1026,977,3,2,53433.7,460.935,18.2,2.14E+08
1026,976,3,2,52582.1,327.753,18.8,2.10E+08
1026,975,3,2,69893.9,31422.9,15.6,2.80E+08
1026,974,3,2,54966.4,423.046,18,2.20E+08
1026,973,3,2,52510,870.675,18.8,2.10E+08
1026,972,3,2,67851.4,25022.2,15.8,2.71E+08
1026,971,3,2,53330.1,700.276,18.3,2.13E+08
1026,970,3,2,67178.9,32211.9,16.5,2.69E+08
1026,969,3,2,51372,643.285,19.3,2.05E+08
1026,968,3,2,66737,25034,16.3,2.67E+08
1026,967,3,2,51265.7,399.122,19.3,2.05E+08
1026,966,3,2,63306.6,24300.2,17.1,2.53E+08
1026,965,3,2,51119.3,304.752,19.3,2.04E+08
1026,964,3,2,50970.8,497.464,19.6,2.04E+08
1026,963,3,2,50712.5,512.702,19.8,2.03E+08
1026,962,3,2,52459.1,603.413,18.8,2.10E+08
1026,961,3,2,50971.2,652.399,19.5,2.04E+08
1026,960,3,2,65877.9,32633.2,17.2,2.64E+08
1026,959,3,2,51595.4,610.062,18.9,2.06E+08
1026,958,3,2,66230.1,25837.7,16.6,2.65E+08
1026,957,3,2,49722.7,396.868,20,1.99E+08
1026,956,3,2,50102.8,540.853,19.9,2.00E+08
1026,955,3,2,49869.3,588.865,19.9,1.99E+08
1026,954,3,2,49699.6,393.943,20,1.99E+08
1026,953,3,2,49720.4,538.92,19.9,1.99E+08
1026,952,3,2,43205,353.295,23,1.73E+08
1026,951,3,2,49735.3,696.694,19.9,1.99E+08
1026,950,3,2,49333.7,549.434,20,1.97E+08
1026,949,3,2,50414.2,1452.74,19.6,2.02E+08
1026,948,3,2,49973.2,529.755,20,2.00E+08
1026,947,3,2,63510.5,25439,17.4,2.54E+08
1026,946,3,2,51907,4353.4,19.2,2.08E+08
1026,945,3,2,49816.5,766.625,19.9,1.99E+08
1026,944,3,2,48800.8,775.393,20,1.95E+08
1026,943,3,2,49755.4,322.053,20,1.99E+08
1026,942,3,2,65930.5,32667,17.2,2.64E+08
1026,941,3,2,48631.4,399.082,20,1.95E+08
1026,940,3,2,58508.8,25974.6,18.7,2.34E+08
1026,939,3,2,55056.1,9966.62,18.3,2.20E+08
1026,938,3,2,44386.5,1543.03,22.3,1.78E+08
1026,937,3,2,64713.2,24706.6,16.9,2.59E+08
1026,936,3,2,74125.1,41156.8,16.3,2.97E+08
1026,935,3,2,50774.3,8652.32,19.9,2.03E+08
1026,934,3,2,48056.5,962.17,20.5,1.92E+08
1026,933,3,2,49382.1,862.486,19.9,1.98E+08
1026,932,3,2,47626.2,566.915,20.7,1.91E+08
1026,931,3,2,49543.1,636.326,20,1.98E+08
1026,930,3,2,61654.7,28284.6,17.8,2.47E+08
1026,929,3,2,48493.3,3974.14,20.4,1.94E+08
1026,928,3,2,62389,24252.7,17.6,2.50E+08
1026,927,3,2,47269.9,344.91,21,1.89E+08
1026,926,3,2,61931.4,30726.8,18.2,2.48E+08
1026,925,3,2,39865.6,783.661,24.9,1.59E+08
1026,924,3,2,45673.5,451.783,21.7,1.83E+08
1026,923,3,2,47293.3,831.566,20.9,1.89E+08
1026,922,3,2,61165.4,30496.5,18.5,2.45E+08
1026,921,3,2,45268.6,606.593,21.9,1.81E+08
1026,920,3,2,60807.1,31004.7,18.6,2.43E+08
1026,919,3,2,46608.4,372.599,21.1,1.86E+08
1026,918,3,2,45026.4,471.624,22,1.80E+08
1026,917,3,2,45046.9,314.949,22,1.80E+08
1026,916,3,2,60831.2,24168.8,18,2.43E+08
1026,915,3,2,44554.6,373.494,22,1.78E+08
1026,914,3,2,45686.4,599.309,21.6,1.83E+08
1026,913,3,2,45328,410.031,22,1.81E+08
1026,912,3,2,40572.1,651.924,24.7,1.62E+08
1026,911,3,2,45419.6,922.722,21.8,1.82E+08
1026,910,3,2,53967.9,25228.2,20.2,2.16E+08
1026,909,3,2,54587.8,18317.9,19.6,2.18E+08
1026,908,3,2,50323.6,12487.7,20.5,2.01E+08
1026,907,3,2,44521.4,393.9,22.1,1.78E+08
1026,906,3,2,44745.6,871.803,22.1,1.79E+08
1026,905,3,2,44969,715.504,21.9,1.80E+08
1026,904,3,2,44970.8,431.381,22,1.80E+08
1026,903,3,2,44862.3,784.153,22.1,1.79E+08
1026,902,3,2,59605.9,30514.4,19,2.38E+08
1026,901,3,2,58930.5,26864.3,19.1,2.36E+08
1026,900,3,2,38396.4,1237.48,26,1.54E+08
1026,899,3,2,43513.2,471.209,22.8,1.74E+08
1026,898,3,2,58789.5,29403.1,19.3,2.35E+08
1026,897,3,2,42480.3,346.284,23.1,1.70E+08
1026,896,3,2,43585.4,872.264,22.7,1.74E+08
1026,895,3,2,58104.2,30224.8,19.6,2.32E+08
1026,894,3,2,42534.3,395.609,23.1,1.70E+08
1026,893,3,2,58037.7,29732.1,19.7,2.32E+08
1026,892,3,2,42184.6,418.384,23.4,1.69E+08
1026,891,3,2,42353.1,535.996,23.3,1.69E+08
1026,890,3,2,42038,384.7,23.4,1.68E+08
1026,889,3,2,42350.7,569.294,23.4,1.69E+08
1026,888,3,2,38108.3,548.641,26.5,1.52E+08
1026,887,3,2,41959.9,455.962,23.5,1.68E+08
1026,886,3,2,42573.6,445.558,23.2,1.70E+08
1026,885,3,2,57342.2,29046.5,19.9,2.29E+08
1026,884,3,2,41411.8,394.966,24,1.66E+08
1026,883,3,2,41233.8,369.81,24.3,1.65E+08
1026,882,3,2,41759.4,537.196,23.6,1.67E+08
1026,881,3,2,42260.4,2052.72,23.7,1.69E+08
1026,880,3,2,49289,23699.9,22.4,1.97E+08
1026,879,3,2,45894.5,9943.41,22.6,1.84E+08
1026,878,3,2,40750.2,436.136,24.7,1.63E+08
1026,877,3,2,56384.1,29947,20.7,2.26E+08
1026,876,3,2,50238,22142.1,22.8,2.01E+08
1026,875,3,2,40028.2,333.362,25,1.60E+08
1026,874,3,2,40514.9,570.578,24.8,1.62E+08
1026,873,3,2,56187.9,25340.4,20.2,2.25E+08
1026,872,3,2,40267.8,888.01,24.7,1.61E+08
1026,871,3,2,39551.9,329.739,25,1.58E+08
1026,870,3,2,40120.6,538.343,25,1.60E+08
1026,869,3,2,54818.9,22857.8,20.4,2.19E+08
1026,868,3,2,39984.7,601.621,24.9,1.60E+08
1026,867,3,2,40707.3,876.525,24.6,1.63E+08
1026,866,3,2,55857.2,25258.1,20.2,2.23E+08
1026,865,3,2,39185.4,375.96,25.4,1.57E+08
1026,864,3,2,35394.3,516.322,28.2,1.42E+08
1026,863,3,2,38766.4,251.568,25.9,1.55E+08
1026,862,3,2,48142.3,28379.1,24,1.93E+08
1026,861,3,2,42995.2,8504.68,23.9,1.72E+08
1026,860,3,2,38558,487.445,25.8,1.54E+08
1026,859,3,2,38786.8,367.546,25.8,1.55E+08
1026,858,3,2,38895.1,818.176,25.8,1.56E+08
1026,857,3,2,38800.9,719.261,26,1.55E+08
1026,856,3,2,38544.5,489.125,25.9,1.54E+08
1026,855,3,2,38067.6,482.669,26.6,1.52E+08
1026,854,3,2,39092.4,906.312,25.6,1.56E+08
1026,853,3,2,48006.4,25839.6,24.7,1.92E+08
1026,852,3,2,37706.2,323.943,26.8,1.51E+08
1026,851,3,2,53240.9,24566.4,21.5,2.13E+08
1026,850,3,2,37571,367.819,26.8,1.50E+08
1026,849,3,2,37612.5,441.535,26.7,1.50E+08
1026,848,3,2,37483.1,314.94,27,1.50E+08
1026,847,3,2,52903.6,30823.6,22.4,2.12E+08
1026,846,3,2,52190.7,22760.5,21.8,2.09E+08
1026,845,3,2,37030.1,679.808,26.9,1.48E+08
1026,844,3,2,36562.2,239.452,27,1.46E+08
1026,843,3,2,36779.8,388.116,27,1.47E+08
1026,842,3,2,32062.5,433.735,31.4,1.28E+08
1026,841,3,2,36696.4,487.187,27,1.47E+08
1026,840,3,2,36487.2,397.069,27,1.46E+08
1026,839,3,2,36673.1,597.119,27.1,1.47E+08
1026,838,3,2,53261.3,28318.9,22,2.13E+08
1026,837,3,2,35933.4,309.584,27.7,1.44E+08
1026,836,3,2,36018.5,306.341,27.5,1.44E+08
1026,835,3,2,37036.7,698.566,26.9,1.48E+08
1026,834,3,2,36323.5,512.763,27.3,1.45E+08
1026,833,3,2,36686.6,375.46,27,1.47E+08
1026,832,3,2,32093.2,487.318,31.5,1.28E+08
1026,831,3,2,34028.2,412.885,29.5,1.36E+08
1026,830,3,2,35592.9,451.864,27.9,1.42E+08
1026,829,3,2,35830.8,391.956,27.8,1.43E+08
1026,828,3,2,50711.3,27673.5,23.1,2.03E+08
1026,827,3,2,34929.8,283.59,28.6,1.40E+08
1026,826,3,2,35080.7,594.893,28.6,1.40E+08
1026,825,3,2,35099.1,517.025,28.5,1.40E+08
1026,824,3,2,35079.3,404.716,28.4,1.40E+08
1026,823,3,2,34777.6,395.897,28.6,1.39E+08
1026,822,3,2,50061.3,23748.4,23.1,2.00E+08
1026,821,3,2,31612.8,474.04,31.9,1.26E+08
1026,820,3,2,34988.7,798.925,28.5,1.40E+08
1026,819,3,2,34612.5,439.72,28.9,1.38E+08
1026,818,3,2,35163.6,1564.23,28.4,1.41E+08
1026,817,3,2,49862.1,24043.7,23.4,1.99E+08
1026,816,3,2,34086.3,1182.72,29.5,1.36E+08
1026,815,3,2,34287.9,739.014,29.1,1.37E+08
1026,814,3,2,34045.7,478.015,29.5,1.36E+08
1026,813,3,2,34508.8,1773.04,29.1,1.38E+08
1026,812,3,2,33636.4,580.443,29.9,1.35E+08
1026,811,3,2,28789.2,312.546,34.7,1.15E+08
1026,810,3,2,33052.6,293.639,30.6,1.32E+08
1026,809,3,2,33003.5,323.175,30.6,1.32E+08
1026,808,3,2,32755.8,254.459,30.8,1.31E+08
1026,807,3,2,33617.1,383.135,29.8,1.34E+08
1026,806,3,2,32914.3,637.547,30.5,1.32E+08
1026,805,3,2,32979.3,325.63,30.6,1.32E+08
1026,804,3,2,33109.6,399.7,30.6,1.32E+08
1026,803,3,2,32707.1,264.714,30.8,1.31E+08
1026,802,3,2,33230.1,434.546,30.5,1.33E+08
1026,801,3,2,27973.7,515.318,36.3,1.12E+08
1026,800,3,2,32511.3,519.818,30.8,1.30E+08
1026,799,3,2,32441.6,661.145,31.1,1.30E+08
1026,798,3,2,31931.3,554.873,31.8,1.28E+08
1026,797,3,2,32708.6,699.267,30.9,1.31E+08
1026,796,3,2,32378.7,456.336,31,1.30E+08
1026,795,3,2,47878.1,23543.6,24.5,1.92E+08
1026,794,3,2,31398.7,399.337,32,1.26E+08
1026,793,3,2,31722.9,350.277,31.8,1.27E+08
1026,792,3,2,27808.1,627.753,36.3,1.11E+08
1026,791,3,2,29713.7,488.817,33.8,1.19E+08
1026,790,3,2,43270.4,23454.8,27.4,1.73E+08
1026,789,3,2,49444.2,25947.1,23.7,1.98E+08
1026,788,3,2,31386.3,1095.79,32.3,1.26E+08
1026,787,3,2,30307.9,286.779,33.2,1.21E+08
1026,786,3,2,31145.7,381.619,32.4,1.25E+08
1026,785,3,2,46364.9,20526.2,24.8,1.85E+08
1026,784,3,2,30607,204.443,32.9,1.22E+08
1026,783,3,2,30720.7,562.335,32.7,1.23E+08
1026,782,3,2,27549.1,349.404,36.8,1.10E+08
1026,781,3,2,31032.4,370.896,32.4,1.24E+08
1026,780,3,2,31514.9,484.113,32,1.26E+08
1026,779,3,2,45866.4,22331.7,25.7,1.83E+08
1026,778,3,2,30273.8,370.988,33.2,1.21E+08
1026,777,3,2,30662.2,475.972,32.8,1.23E+08
1026,776,3,2,30211.1,515.48,33.4,1.21E+08
1026,775,3,2,29966.9,236.653,33.5,1.20E+08
1026,774,3,2,29927.1,477.747,33.6,1.20E+08
1026,773,3,2,27244.1,308.859,37.4,1.09E+08
1026,772,3,2,29906,463.691,33.8,1.20E+08
1026,771,3,2,45036,22214.3,26.2,1.80E+08
1026,770,3,2,29018.3,468.365,34.6,1.16E+08
1026,769,3,2,29334,242.402,34,1.17E+08
1026,768,3,2,29403.8,413.258,34,1.18E+08
1026,767,3,2,29184.2,240.459,34.3,1.17E+08
1026,766,3,2,29180.9,454.765,34.3,1.17E+08
1026,765,3,2,29256.9,335.697,34.2,1.17E+08
1026,764,3,2,26493.5,525.855,38,1.06E+08
1026,763,3,2,29389.4,364.468,33.8,1.18E+08
1026,762,3,2,29203.3,596.319,34.3,1.17E+08
1026,761,3,2,43292.3,22019.7,27.6,1.73E+08
1026,760,3,2,28570.5,1562.22,35.6,1.14E+08
1026,759,3,2,29507.7,1100.45,34.1,1.18E+08
1026,758,3,2,28368.6,271.254,35.2,1.13E+08
1026,757,3,2,27436.9,374.513,36.9,1.10E+08
1026,756,3,2,42301.2,19806.8,27.9,1.69E+08
1026,755,3,2,23798.9,308.589,42.4,9.52E+07
1026,754,3,2,27144.7,286.463,37.4,1.09E+08
1026,753,3,2,27434.8,297.812,36.8,1.10E+08
1026,752,3,2,44485.2,25949.6,27.7,1.78E+08
1026,751,3,2,22489.5,407.943,44.8,9.00E+07
1026,750,3,2,28063,600.617,35.9,1.12E+08
1026,749,3,2,27356.5,478.825,36.9,1.09E+08
1026,748,3,2,27104.2,928.452,37.3,1.08E+08
1026,747,3,2,24385.6,408.079,41.3,9.75E+07
1026,746,3,2,40905.8,18556.8,28.7,1.64E+08
1026,745,3,2,25908.4,180.718,39.6,1.04E+08
1026,744,3,2,42330.2,24418.4,28.9,1.69E+08
1026,743,3,2,27193.7,1225.84,37.3,1.09E+08
1026,742,3,2,26798.4,477.547,37.6,1.07E+08
1026,741,3,2,26815.3,737.178,37.6,1.07E+08
1026,740,3,2,25569.4,421.711,39.4,1.02E+08
1026,739,3,2,23025,395.822,44,9.21E+07
1026,738,3,2,22706.9,262.369,44.8,9.08E+07
1026,737,3,2,25233.9,580.319,40.2,1.01E+08
1026,736,3,2,26444.5,903.882,38.1,1.06E+08
1026,735,3,2,31633.6,18715.1,37,1.27E+08
1026,734,3,2,29606,8948.53,36.5,1.18E+08
1026,733,3,2,25993.6,462.34,38.9,1.04E+08
1026,732,3,2,26534.2,463.785,37.9,1.06E+08
1026,731,3,2,25912.3,625.815,39.1,1.04E+08
1026,730,3,2,37686,18876,32.3,1.51E+08
1026,729,3,2,25081.8,356.779,40.4,1.00E+08
1026,728,3,2,25006.6,140.217,40.3,1.00E+08
1026,727,3,2,24665.3,272.176,40.8,9.87E+07
1026,726,3,2,19553.2,203.582,52,7.82E+07
1026,725,3,2,26001.3,565.1,39.2,1.04E+08
1026,724,3,2,25188.4,343.538,40.3,1.01E+08
1026,723,3,2,24417.5,327.305,41.2,9.77E+07
1026,722,3,2,22143.1,541.068,45.8,8.86E+07
1026,721,3,2,24393.5,407.877,41.5,9.76E+07
1026,720,3,2,24587.1,725.165,41,9.84E+07
1026,719,3,2,22945.5,376.173,44.4,9.18E+07
1026,718,3,2,20808.8,256.253,49.4,8.32E+07
1026,717,3,2,23565.6,552.396,43,9.43E+07
1026,716,3,2,23134.7,462.213,43.8,9.25E+07
1026,715,3,2,20603,397.367,49.7,8.24E+07
1026,714,3,2,20234.4,347.897,50.1,8.09E+07
1026,713,3,2,22233.6,752.939,45.4,8.89E+07
1026,712,3,2,23248.3,513.596,43.6,9.30E+07
1026,711,3,2,23215.6,428.689,43.6,9.29E+07
1026,710,3,2,22924.3,263.292,44.2,9.17E+07
1026,709,3,2,22871.8,1546.71,44.4,9.15E+07
1026,708,3,2,21035.7,188.236,48.5,8.41E+07
1026,707,3,2,20017.1,546.384,50.9,8.01E+07
1026,706,3,2,20096.9,304.265,50.8,8.04E+07
1026,705,3,2,29516.7,24691.1,43.8,1.18E+08
1026,704,3,2,26687,7147.91,40.4,1.07E+08
1026,703,3,2,16764,296.663,60.8,6.71E+07
1026,702,3,2,20967.8,127.661,48.8,8.39E+07
1026,701,3,2,20833.2,198.703,49.4,8.33E+07
1026,700,3,2,19839.6,508.108,51.6,7.94E+07
1026,699,3,2,19799.2,204.79,51.8,7.92E+07
1026,698,3,2,19984.5,209.044,51,7.99E+07
1026,697,3,2,20105.8,335.027,50.8,8.04E+07
1026,696,3,2,20290.7,523.202,50.3,8.12E+07
1026,695,3,2,19831.5,409.639,51.2,7.93E+07
1026,694,3,2,19889.5,311.138,51.2,7.96E+07
1026,693,3,2,19173.3,422.826,53.2,7.67E+07
1026,692,3,2,19694.4,235.046,51.8,7.88E+07
1026,691,3,2,19035,1018.86,53.9,7.61E+07
1026,690,3,2,19963.2,527.375,50.8,7.99E+07
1026,689,3,2,18200.9,430.498,55.9,7.28E+07
1026,688,3,2,17042.7,240.807,60,6.82E+07
1026,687,3,2,27340.5,17010.5,48.6,1.09E+08
1026,686,3,2,21247.6,4077.92,49.3,8.50E+07
1026,685,3,2,17979.7,311.102,56.8,7.19E+07
1026,684,3,2,16208.2,423.978,63.2,6.48E+07
1026,683,3,2,17407.6,325.183,58.8,6.96E+07
1026,682,3,2,17470,449.649,58.2,6.99E+07
1026,681,3,2,15830.4,589.766,64.8,6.33E+07
1026,680,3,2,15374.2,308.595,66.1,6.15E+07
1026,679,3,2,17057.5,323.214,60.4,6.82E+07
1026,678,3,2,16774,506.647,60.8,6.71E+07
1026,677,3,2,15008.4,243.74,68,6.00E+07
1026,676,3,2,16306.2,218.368,62,6.52E+07
1026,675,3,2,15815.7,293.473,64.8,6.33E+07
1026,674,3,2,15895.9,286.228,64.4,6.36E+07
1026,673,3,2,14449.1,679.529,71.5,5.78E+07
1026,672,3,2,15425.6,203.502,66,6.17E+07
1026,671,3,2,17015.2,296.461,60,6.81E+07
1026,670,3,2,14548.8,520.554,71,5.82E+07
1026,669,3,2,15066.2,347.715,68.5,6.03E+07
1026,668,3,2,15270.6,455.622,67.1,6.11E+07
1026,667,3,2,14582.5,351.343,70,5.83E+07
1026,666,3,2,14766.3,203.962,70,5.91E+07
1026,665,3,2,14247.6,225.924,72,5.70E+07
1026,664,3,2,19377.8,470.747,52.7,7.75E+07
1026,663,3,2,13926.5,369.117,74,5.57E+07
1026,662,3,2,14192.5,512.89,72.5,5.68E+07
1026,661,3,2,14206.2,851.79,72,5.68E+07
1026,660,3,2,14183,1108.75,73.2,5.67E+07
1026,659,3,2,13172.6,418.189,79.5,5.27E+07
1026,658,3,2,13697.5,395.299,75,5.48E+07
1026,657,3,2,14966.9,321.115,68.5,5.99E+07
1026,656,3,2,13109.1,201.887,78.8,5.24E+07
1026,655,3,2,13144.1,248.15,77.4,5.26E+07
1026,654,3,2,14213.5,385.808,73,5.69E+07
1026,653,3,2,12515.4,542.339,83,5.01E+07
1026,652,3,2,26598.7,15648.5,49.2,1.06E+08
1026,651,3,2,17497.9,1248.52,58.9,7.00E+07
1026,650,3,2,12342.2,397.24,85.1,4.94E+07
1026,649,3,2,11905.9,306.4,87.2,4.76E+07
1026,648,3,2,11868.2,611.467,88.6,4.75E+07
1026,647,3,2,11592.4,412.046,88.6,4.64E+07
1026,646,3,2,11428.6,335.864,89.3,4.57E+07
1026,645,3,2,12555.1,230.25,83,5.02E+07
1026,644,3,2,12601,355.85,80.9,5.04E+07
1026,643,3,2,11158.4,246.544,93,4.46E+07
1026,642,3,2,12913.9,448.946,78.8,5.17E+07
1026,641,3,2,11044.8,563.494,95.3,4.42E+07
1026,640,3,2,10683.2,172.387,99,4.27E+07
1026,639,3,2,11074.8,522.778,96.3,4.43E+07
1026,638,3,2,14511.1,388.574,71,5.80E+07
1026,637,3,2,9933.3,197.455,106.6,3.97E+07
1026,636,3,2,10801.9,1088.98,97.8,4.32E+07
1026,635,3,2,12400,2255.65,85.1,4.96E+07
1026,634,3,2,10377.1,180.284,100,4.15E+07
1026,633,3,2,9906.4,558.922,106.6,3.96E+07
1026,632,3,2,15774.1,263.296,65.2,6.31E+07
1026,631,3,2,8740.5,241.512,122.2,3.50E+07
1026,630,3,2,10362.1,818.186,101.7,4.15E+07
1026,629,3,2,11735,218.953,88.6,4.69E+07
1026,628,3,2,9686.3,172.668,111,3.87E+07
1026,627,3,2,8967.8,593.182,119.7,3.59E+07
1026,626,3,2,14591.4,196.992,71,5.84E+07
1026,625,3,2,8784.2,487.453,120.8,3.51E+07
1026,624,3,2,9239.2,279.921,112.4,3.70E+07
1026,623,3,2,10127.7,250.303,103.3,4.05E+07
1026,622,3,2,9196.4,628.286,115.5,3.68E+07
1026,621,3,2,8709.9,330.977,122.2,3.48E+07
1026,620,3,2,12159.6,480.657,85.8,4.86E+07
1026,619,3,2,8569.6,257.129,125,3.43E+07
1026,618,3,2,8935.6,261.521,120.8,3.57E+07
1026,617,3,2,8675.2,407.391,123.6,3.47E+07
1026,616,3,2,17934.9,12477.2,84.4,7.17E+07
1026,615,3,2,14136.5,2484.62,75.4,5.65E+07
1026,614,3,2,9746.8,433.653,108.8,3.90E+07
1026,613,3,2,8269.5,159.788,125,3.31E+07
1026,612,3,2,8528,353.948,123.6,3.41E+07
1026,611,3,2,8017.2,238.986,131.8,3.21E+07
1026,610,3,2,8816.7,242.312,122.2,3.53E+07
1026,609,3,2,10510.2,381.133,100.1,4.20E+07
1026,608,3,2,7987.6,178.774,133.5,3.20E+07
1026,607,3,2,8833.9,330.433,120.8,3.53E+07
1026,606,3,2,10007.9,315.867,103.3,4.00E+07
1026,605,3,2,11465.6,8059.4,111.4,4.59E+07
1026,604,3,2,15440.7,3499.66,69.8,6.18E+07
1026,603,3,2,9893.1,1158.22,109.2,3.96E+07
1026,602,3,2,8034.2,209.427,131.8,3.21E+07
1026,601,3,2,7624,113.045,142,3.05E+07
1026,600,3,2,7800.2,177.372,140.3,3.12E+07
1026,599,3,2,7618.3,154.815,142,3.05E+07
1026,598,3,2,8948.6,267.228,119.4,3.58E+07
1026,597,3,2,7495,170.235,142,3.00E+07
1026,596,3,2,8183.8,271.042,130.1,3.27E+07
1026,595,3,2,8113.3,295.113,131.8,3.25E+07
1026,594,3,2,8280,373.63,128.4,3.31E+07
1026,593,3,2,7558.4,248.793,140.3,3.02E+07
1026,592,3,2,7946.5,424.883,136.9,3.18E+07
1026,591,3,2,7607,214.995,142,3.04E+07
1026,590,3,2,8290,564.155,128.7,3.32E+07
1026,589,3,2,7582.1,216.592,140.3,3.03E+07
1026,588,3,2,7641.4,368.044,136.9,3.06E+07
1026,587,3,2,8757.6,243.079,122.2,3.50E+07
1026,586,3,2,7709.1,178.452,140.3,3.08E+07
1026,585,3,2,21680,11162.4,58.2,8.67E+07
1026,584,3,2,8367.7,1157.49,129.2,3.35E+07
1026,583,3,2,7731.9,621.751,136.9,3.09E+07
1026,582,3,2,7553.2,347.227,142.7,3.02E+07
1026,581,3,2,7067.5,239.959,151.6,2.83E+07
1026,580,3,2,7042.9,182.254,151.6,2.82E+07
1026,579,3,2,7108.3,339.514,151.6,2.84E+07
1026,578,3,2,8351.9,258.648,123.6,3.34E+07
1026,577,3,2,7051.7,368.695,156.4,2.82E+07
1026,576,3,2,20042.2,11344.4,66.1,8.02E+07
1026,575,3,2,9242.4,1386.23,118.3,3.70E+07
1026,574,3,2,7007.1,230.762,156.4,2.80E+07
1026,573,3,2,6685.2,100.801,166,2.67E+07
1026,572,3,2,6836.4,231,161.2,2.73E+07
1026,571,3,2,6709.2,155.328,163.6,2.68E+07
1026,570,3,2,7052.8,217.025,151.6,2.82E+07
1026,569,3,2,6734.5,321.375,161.2,2.69E+07
1026,568,3,2,6684,175.483,166,2.67E+07
1026,567,3,2,8075,489.376,133.8,3.23E+07
1026,566,3,2,6915.7,263.927,158.8,2.77E+07
1026,565,3,2,6742.7,381.385,161.2,2.70E+07
1026,564,3,2,6623.2,167.385,166,2.65E+07
1026,563,3,2,6586.1,240.561,163.6,2.63E+07
1026,562,3,2,6964.3,235.822,154,2.79E+07
1026,561,3,2,6524.3,199.073,166,2.61E+07
1026,560,3,2,6864.6,627.978,158.8,2.75E+07
1026,559,3,2,6490.7,153.012,166,2.60E+07
1026,558,3,2,6726.6,245.242,163.6,2.69E+07
1026,557,3,2,6469.8,189.959,166,2.59E+07
1026,556,3,2,6518,212.279,166,2.61E+07
1026,555,3,2,6438.3,213.166,166,2.58E+07
1026,554,3,2,6623.6,290.769,161.2,2.65E+07
1026,553,3,2,6481.2,467.698,167,2.59E+07
1026,552,3,2,6642.6,372.022,161.2,2.66E+07
1026,551,3,2,6309,231.38,166,2.52E+07
1026,550,3,2,6593.7,264.643,163.6,2.64E+07
1026,549,3,2,6230.2,138.136,166,2.49E+07
1026,548,3,2,7294.6,159.294,142,2.92E+07
1026,547,3,2,6100.8,128.741,172.8,2.44E+07
1026,546,3,2,6582.7,224.856,163.6,2.63E+07
1026,545,3,2,6240,300.209,172.8,2.50E+07
1026,544,3,2,6232.6,168.124,169.4,2.49E+07
1026,543,3,2,6536.4,356.086,161.2,2.61E+07
1026,542,3,2,16663.2,12714,101.2,6.67E+07
1026,541,3,2,10843.5,1154.27,98.2,4.34E+07
1026,540,3,2,6302.1,120.884,166,2.52E+07
1026,539,3,2,6043.2,216.91,183,2.42E+07
1026,538,3,2,6346.7,200.096,166,2.54E+07
1026,537,3,2,5960.6,205.724,183,2.38E+07
1026,536,3,2,6204.9,384.069,173.8,2.48E+07
1026,535,3,2,5808.6,167.147,196.6,2.32E+07
1026,534,3,2,6155.7,184.098,176.2,2.46E+07
1026,533,3,2,6323.8,363.428,167,2.53E+07
1026,532,3,2,5873.1,183.504,196.6,2.35E+07
1026,531,3,2,5968.9,280.567,186.4,2.39E+07
1026,530,3,2,6329.5,277.512,166,2.53E+07
1026,529,3,2,5865.4,193.599,186.4,2.35E+07
1026,528,3,2,5925.7,181.158,189.8,2.37E+07
1026,527,3,2,5915.5,255.718,186.4,2.37E+07
1026,526,3,2,6123.4,333.324,183,2.45E+07
1026,525,3,2,5851.8,191.448,189.8,2.34E+07
1026,524,3,2,5964.3,360.998,189.8,2.39E+07
1026,523,3,2,5895.9,310.082,189.8,2.36E+07
1026,522,3,2,6048.9,327.958,186.4,2.42E+07
1026,521,3,2,5755.4,191.799,193.2,2.30E+07
1026,520,3,2,5986.4,195.313,183,2.39E+07
1026,519,3,2,5703.5,135.892,200,2.28E+07
1026,518,3,2,6537.9,293.691,166,2.62E+07
1026,517,3,2,5821.7,162.229,193.2,2.33E+07
1026,516,3,2,5946,149.7,186.4,2.38E+07
1026,515,3,2,6029.7,139.725,179.6,2.41E+07
1026,514,3,2,9067.5,225.528,118,3.63E+07
1026,513,3,3,30256,18112.1,40.9,1.21E+08
1026,512,3,3,11945.7,476.041,87.9,4.78E+07
1026,511,3,3,12207.9,310.847,85.1,4.88E+07
1026,510,3,3,12656.4,672.208,82.5,5.06E+07
1026,509,3,3,11885.7,378.788,87.2,4.75E+07
1026,508,3,3,11729.5,310.907,88.6,4.69E+07
1026,507,3,3,11724.8,246.245,88.6,4.69E+07
1026,506,3,3,12144.7,1129.49,86.2,4.86E+07
1026,505,3,3,12054.5,400.59,86.5,4.82E+07
1026,504,3,3,11389.7,422.592,90.3,4.56E+07
1026,503,3,3,11438,213.322,90,4.58E+07
1026,502,3,3,11653.8,459.498,88.9,4.66E+07
1026,501,3,3,11231.2,252.829,92,4.49E+07
1026,500,3,3,11627.5,479.61,88.6,4.65E+07
1026,499,3,3,11221.7,353.592,92,4.49E+07
1026,498,3,3,11797.4,392.715,87.9,4.72E+07
1026,497,3,3,11206.8,658.521,93.6,4.48E+07
1026,496,3,3,11138.1,184.445,92,4.46E+07
1026,495,3,3,11223.9,437.128,92.3,4.49E+07
1026,494,3,3,11394.2,276.95,91,4.56E+07
1026,493,3,3,11093.4,422.11,94.3,4.44E+07
1026,492,3,3,11648.7,820.29,89.2,4.66E+07
1026,491,3,3,11283.4,772.679,94.6,4.51E+07
1026,490,3,3,11376.1,285.255,91,4.55E+07
1026,489,3,3,11125.3,545.916,96,4.45E+07
1026,488,3,3,11061.8,557.542,95.6,4.42E+07
1026,487,3,3,10601.3,175.024,100,4.24E+07
1026,486,3,3,11296.6,567.705,92.3,4.52E+07
1026,485,3,3,10483.1,256.39,100,4.19E+07
1026,484,3,3,12419.2,270.131,82.3,4.97E+07
1026,483,3,3,10711.4,431.546,98,4.28E+07
1026,482,3,3,11146.9,153.368,92,4.46E+07
1026,481,3,3,10405.3,212.221,100,4.16E+07
1026,480,3,3,10634.6,442.95,98,4.25E+07
1026,479,3,3,10592.8,780.508,99.4,4.24E+07
1026,478,3,3,11461.1,1176.81,93.1,4.58E+07
1026,477,3,3,10292.6,192.161,101.1,4.12E+07
1026,476,3,3,10264.3,187.778,100,4.11E+07
1026,475,3,3,10348.3,779.514,103.8,4.14E+07
1026,474,3,3,10644.4,304.542,98,4.26E+07
1026,473,3,3,10398.4,436.453,101.3,4.16E+07
1026,472,3,3,9965.4,193.75,106.6,3.99E+07
1026,471,3,3,26164.6,12022.8,44.9,1.05E+08
1026,470,3,3,10685.7,558.81,98.3,4.27E+07
1026,469,3,3,9888.2,330.372,107.7,3.96E+07
1026,468,3,3,9818.5,277.408,106.6,3.93E+07
1026,467,3,3,9702.3,188.992,109.9,3.88E+07
1026,466,3,3,10344.2,380.496,100.2,4.14E+07
1026,465,3,3,9681.3,290.206,108.8,3.87E+07
1026,464,3,3,9866.1,413.706,108.8,3.95E+07
1026,463,3,3,9542.3,223.943,111,3.82E+07
1026,462,3,3,9687,152.254,109.9,3.88E+07
1026,461,3,3,9513.6,217.8,109.9,3.81E+07
1026,460,3,3,9437.1,223.755,111,3.78E+07
1026,459,3,3,9612.9,315.042,109.9,3.85E+07
1026,458,3,3,9781.6,224.632,109.9,3.91E+07
1026,457,3,3,11090.5,459.458,95,4.44E+07
1026,456,3,3,9494,362.492,108.8,3.80E+07
1026,455,3,3,24932.1,11142.8,46,9.97E+07
1026,454,3,3,9800.5,937.544,105.7,3.92E+07
1026,453,3,3,8982.9,196.832,118,3.59E+07
1026,452,3,3,9060.9,415.478,118.3,3.62E+07
1026,451,3,3,16195.3,12460.7,94.6,6.48E+07
1026,450,3,3,13709.5,2521.36,78.2,5.48E+07
1026,449,3,3,8871.3,463.449,121.1,3.55E+07
1026,448,3,3,8723,285.216,122.2,3.49E+07
1026,447,3,3,8738.8,141.254,125,3.50E+07
1026,446,3,3,9017,457.776,116.9,3.61E+07
1026,445,3,3,8790.3,192.877,123.6,3.52E+07
1026,444,3,3,8756.1,160.468,125,3.50E+07
1026,443,3,3,8737.9,162.96,125,3.50E+07
1026,442,3,3,9251.9,322.974,115.2,3.70E+07
1026,441,3,3,8408,204.869,125,3.36E+07
1026,440,3,3,8606.2,207.117,125,3.44E+07
1026,439,3,3,8444.3,181.043,125,3.38E+07
1026,438,3,3,8598.1,88.6233,125,3.44E+07
1026,437,3,3,8436.8,234.595,125,3.37E+07
1026,436,3,3,8246.7,166.92,125,3.30E+07
1026,435,3,3,8607.7,536.46,122.2,3.44E+07
1026,434,3,3,8854.4,173.962,123.6,3.54E+07
1026,433,3,3,9379.6,396.769,112.7,3.75E+07
1026,432,3,3,22191.8,8869.04,52.6,8.88E+07
1026,431,3,3,9991.7,2153.74,108.5,4.00E+07
1026,430,3,3,8089.4,156.063,131.8,3.24E+07
1026,429,3,3,8273.9,352.77,130.1,3.31E+07
1026,428,3,3,8170.6,122.963,126.7,3.27E+07
1026,427,3,3,7959.3,137.953,135.2,3.18E+07
1026,426,3,3,8285.4,238.586,125,3.31E+07
1026,425,3,3,8063.1,292.685,131.8,3.23E+07
1026,424,3,3,7926.1,181.669,138.6,3.17E+07
1026,423,3,3,8076.1,434.121,132.1,3.23E+07
1026,422,3,3,8332.5,163,125,3.33E+07
1026,421,3,3,7801.2,194.385,138.6,3.12E+07
1026,420,3,3,7809.2,181.077,140.3,3.12E+07
1026,419,3,3,7985,411.823,137.2,3.19E+07
1026,418,3,3,8069.8,129.2,130.1,3.23E+07
1026,417,3,3,7777.4,351.862,140.3,3.11E+07
1026,416,3,3,7898.8,477.566,137.2,3.16E+07
1026,415,3,3,22124.5,10261,53.6,8.85E+07
1026,414,3,3,9067.5,1285.79,122.1,3.63E+07
1026,413,3,3,7593.6,150.821,142,3.04E+07
1026,412,3,3,7652.1,256.218,140.3,3.06E+07
1026,411,3,3,7420,214.324,142,2.97E+07
1026,410,3,3,7878.3,301.818,138.6,3.15E+07
1026,409,3,3,7444.7,235.715,142,2.98E+07
1026,408,3,3,7983,936.807,136.1,3.19E+07
1026,407,3,3,7297.9,177.62,142,2.92E+07
1026,406,3,3,7615.2,301.471,140.3,3.05E+07
1026,405,3,3,7646.7,939.267,137.8,3.06E+07
1026,404,3,3,7325.9,270.153,144.4,2.93E+07
1026,403,3,3,7820,1184.41,138.5,3.13E+07
1026,402,3,3,7755.3,152.715,142,3.10E+07
1026,401,3,3,7174.6,225.82,146.8,2.87E+07
1026,400,3,3,7169.1,178.85,146.8,2.87E+07
1026,399,3,3,7555.4,969.294,140.2,3.02E+07
1026,398,3,3,7220.8,222.601,142,2.89E+07
1026,397,3,3,7122.6,261.871,149.2,2.85E+07
1026,396,3,3,7131.4,241.774,151.6,2.85E+07
1026,395,3,3,7141.4,319.136,151.6,2.86E+07
1026,394,3,3,7211.2,220.106,146.8,2.88E+07
1026,393,3,3,7235.1,469.79,150.6,2.89E+07
1026,392,3,3,7826.1,91.5046,140.3,3.13E+07
1026,391,3,3,7065.6,470.733,154.7,2.83E+07
1026,390,3,3,7149.5,488.96,152.3,2.86E+07
1026,389,3,3,6814.5,71.2562,166,2.73E+07
1026,388,3,3,6935.9,144.926,161.2,2.77E+07
1026,387,3,3,6959.5,276.466,156.4,2.78E+07
1026,386,3,3,7310,197.15,142,2.92E+07
1026,385,3,3,6651.8,126.8,166,2.66E+07
1026,384,3,3,6915.6,544.002,161.9,2.77E+07
1026,383,3,3,7292.7,183.539,142,2.92E+07
1026,382,3,3,6732.5,190.092,163.6,2.69E+07
1026,381,3,3,6935.4,580.299,157.1,2.77E+07
1026,380,3,3,6504.5,164.758,166,2.60E+07
1026,379,3,3,6634.9,330.511,163.6,2.65E+07
1026,378,3,3,6662.8,253.258,163.6,2.67E+07
1026,377,3,3,19466.9,9985.32,62.4,7.79E+07
1026,376,3,3,8339.4,1451.01,132,3.34E+07
1026,375,3,3,6069.4,158.967,179.6,2.43E+07
1026,374,3,3,6367.3,316.074,172.8,2.55E+07
1026,373,3,3,6123.9,113.469,169.4,2.45E+07
1026,372,3,3,6074.4,192.469,176.2,2.43E+07
1026,371,3,3,6613.3,581.08,161.9,2.65E+07
1026,370,3,3,6458.9,227.722,166,2.58E+07
1026,369,3,3,6162.5,288.244,172.8,2.47E+07
1026,368,3,3,6148.4,186.054,172.8,2.46E+07
1026,367,3,3,6193.8,439.193,180.6,2.48E+07
1026,366,3,3,6236.2,237.314,172.8,2.49E+07
1026,365,3,3,6066.5,181.271,179.6,2.43E+07
1026,364,3,3,6176.7,369.071,173.8,2.47E+07
1026,363,3,3,5919.7,254.078,196.6,2.37E+07
1026,362,3,3,6132,146.675,169.4,2.45E+07
1026,361,3,3,5763.9,100.845,200,2.31E+07
1026,360,3,3,6022.7,604.275,184,2.41E+07
1026,359,3,3,5632.4,105.38,200,2.25E+07
1026,358,3,3,6089.8,196.164,179.6,2.44E+07
1026,357,3,3,5629.2,172.953,200,2.25E+07
1026,356,3,3,5656.7,109.007,200,2.26E+07
1026,355,3,3,5608.5,147.761,200,2.24E+07
1026,354,3,3,5794.1,123.802,196.6,2.32E+07
1026,353,3,3,5556,223.588,200,2.22E+07
1026,352,3,3,5491.9,142.944,200,2.20E+07
1026,351,3,3,5548.2,230.312,200,2.22E+07
1026,350,3,3,5469.5,174.346,200,2.19E+07
1026,349,3,3,5434,213.174,196.6,2.17E+07
1026,348,3,3,5481.4,179.837,200,2.19E+07
1026,347,3,3,5820.5,552.142,189.8,2.33E+07
1026,346,3,3,5733.3,123.418,200,2.29E+07
1026,345,3,3,5657.8,590.442,194.2,2.26E+07
1026,344,3,3,5498.9,239.835,196.6,2.20E+07
1026,343,3,4,9716.2,521.723,108.9,3.89E+07
1026,342,3,4,9782.1,239,108.8,3.91E+07
1026,341,3,4,9400.2,180.372,111,3.76E+07
1026,340,3,4,9632.8,232.704,111,3.85E+07
1026,339,3,4,9349.5,305.062,112.4,3.74E+07
1026,338,3,4,9344.6,166.119,111,3.74E+07
1026,337,3,4,9142,301.109,116.6,3.66E+07
1026,336,3,4,8989.1,185.735,120.8,3.60E+07
1026,335,3,4,9033.6,224.3,120.8,3.61E+07
1026,334,3,4,9297.3,159.481,111,3.72E+07
1026,333,3,4,8705.1,229.664,123.6,3.48E+07
1026,332,3,4,8723.7,95.2366,125,3.49E+07
1026,331,3,4,8629,192.852,125,3.45E+07
1026,330,3,4,8992.9,179.466,118,3.60E+07
1026,329,3,4,8420.4,186.151,125,3.37E+07
1026,328,3,4,8583,161.662,125,3.43E+07
1026,327,3,4,8270.9,186.842,128.4,3.31E+07
1026,326,3,4,8908.4,120.751,122.2,3.56E+07
1026,325,3,4,8303.9,180.85,125,3.32E+07
1026,324,3,4,8494.6,266.318,123.6,3.40E+07
1026,323,3,4,8283.3,325.877,125.3,3.31E+07
1026,322,3,4,9561,243.059,111,3.82E+07
1026,321,3,4,8207.8,466.898,130.4,3.28E+07
1026,320,3,4,8153.1,212.456,131.8,3.26E+07
1026,319,3,4,7992.7,232.903,133.5,3.20E+07
1026,318,3,4,8142.4,257.84,128.4,3.26E+07
1026,317,3,4,8495.7,191.709,125,3.40E+07
1026,316,3,4,7960.7,155.242,133.5,3.18E+07
1026,315,3,4,7796,242.697,138.6,3.12E+07
1026,314,3,4,8151.2,302.501,130.1,3.26E+07
1026,313,3,4,7681.7,219.054,140.3,3.07E+07
1026,312,3,4,7897.1,156.144,138.6,3.16E+07
1026,311,3,4,7683.8,168.86,142,3.07E+07
1026,310,3,4,7930.5,227.382,136.9,3.17E+07
1026,309,3,4,7467.3,146.012,142,2.99E+07
1026,308,3,4,7745.2,232.341,138.6,3.10E+07
1026,307,3,4,7463.5,184.614,142,2.99E+07
1026,306,3,4,7564.1,206.262,142,3.03E+07
1026,305,3,4,7209.5,141.347,144.4,2.88E+07
1026,304,3,4,7745.9,579.964,135.5,3.10E+07
1026,303,3,4,7562.8,685.135,142,3.03E+07
1026,302,3,4,7644,320.123,138.6,3.06E+07
1026,301,3,4,7106.8,346.054,152.3,2.84E+07
1026,300,3,4,7386,197.097,142,2.95E+07
1026,299,3,4,7174.6,427.622,147.5,2.87E+07
1026,298,3,4,7435.2,266.767,142,2.97E+07
1026,297,3,4,6993.8,88.8063,151.6,2.80E+07
1026,296,3,4,7044.2,179.821,151.6,2.82E+07
1026,295,3,4,7197,622.714,152.3,2.88E+07
1026,294,3,4,7048.4,176.279,154,2.82E+07
1026,293,3,4,6857,247.296,163.6,2.74E+07
1026,292,3,4,6762.4,170.087,161.2,2.71E+07
1026,291,3,4,6674.4,289.868,161.2,2.67E+07
1026,290,3,4,7057.9,383.738,154,2.82E+07
1026,289,3,4,6750.2,361.107,161.2,2.70E+07
1026,288,3,4,6748.1,208.478,163.6,2.70E+07
1026,287,3,4,6419,172.938,166,2.57E+07
1026,286,3,4,6756.6,233.333,163.6,2.70E+07
1026,285,3,4,6387.2,208.924,166,2.56E+07
1026,284,3,4,6467.7,218.532,166,2.59E+07
1026,283,3,4,6309.5,392.685,167,2.52E+07
1026,282,3,4,6399.2,181.9,166,2.56E+07
1026,281,3,4,6189.5,194.58,169.4,2.48E+07
1026,280,3,4,6335.5,291.554,167,2.53E+07
1026,279,3,4,6036.3,160.01,179.6,2.41E+07
1026,278,3,4,6415.4,166.658,166,2.57E+07
1026,277,3,4,6161,381.843,170.4,2.46E+07
1026,276,3,4,6283.7,290.06,172.8,2.51E+07
1026,275,3,4,6118.5,147.61,176.2,2.45E+07
1026,274,3,4,5952.2,179.116,186.4,2.38E+07
1026,273,3,4,5835.5,187.077,193.2,2.33E+07
1026,272,3,4,5871.4,180.457,196.6,2.35E+07
1026,271,3,4,5736.9,233.287,196.6,2.29E+07
1026,270,3,4,5761.4,140.703,200,2.30E+07
1026,269,3,4,5572.5,121.362,200,2.23E+07
1026,268,3,4,5722.6,277.519,193.2,2.29E+07
1026,267,3,4,5440.8,125.437,200,2.18E+07
1026,266,3,4,5661.5,89.8234,200,2.26E+07
1026,265,3,4,5383.2,217.836,200,2.15E+07
1026,264,3,4,5501.3,134.685,200,2.20E+07
1026,263,3,4,5420.5,143.897,200,2.17E+07
1026,262,3,4,5761.8,258.876,193.2,2.31E+07
1026,261,3,4,5301.4,153.06,200,2.12E+07
1026,260,3,4,5458.2,143.957,200,2.18E+07
1026,259,3,4,5160.6,127.919,210,2.06E+07
1026,258,3,4,6291.7,139.654,166,2.52E+07
1026,257,3,5,8137.6,646.366,132.1,3.26E+07
1026,256,3,5,7827.7,154.09,140.3,3.13E+07
1026,255,3,5,7810.3,448.955,137.2,3.12E+07
1026,254,3,5,7985.7,523.936,137.2,3.19E+07
1026,253,3,5,7735.2,212.143,142,3.09E+07
1026,252,3,5,7548,223.914,142,3.02E+07
1026,251,3,5,7439.7,200.454,142,2.98E+07
1026,250,3,5,7528.9,222.057,140.3,3.01E+07
1026,249,3,5,7436,261.536,140.3,2.97E+07
1026,248,3,5,7159,70.6994,142,2.86E+07
1026,247,3,5,7162.9,135.508,144.4,2.87E+07
1026,246,3,5,7254.3,141.942,142,2.90E+07
1026,245,3,5,6996.3,140.894,151.6,2.80E+07
1026,244,3,5,7172,331.949,154,2.87E+07
1026,243,3,5,7001.3,218.932,154,2.80E+07
1026,242,3,5,7129,285.046,149.2,2.85E+07
1026,241,3,5,6895,401.771,161.2,2.76E+07
1026,240,3,5,6763.9,168.778,163.6,2.71E+07
1026,239,3,5,6665.8,215.946,163.6,2.67E+07
1026,238,3,5,6922.8,321.484,158.8,2.77E+07
1026,237,3,5,6635.5,189.575,166,2.65E+07
1026,236,3,5,6707.7,116.3,163.6,2.68E+07
1026,235,3,5,6689.4,568.188,159.5,2.68E+07
1026,234,3,5,20563.3,8382.45,56,8.23E+07
1026,233,3,5,8860.6,2056.43,127.5,3.54E+07
1026,232,3,5,6053.1,189.928,179.6,2.42E+07
1026,231,3,5,6155.7,244.391,176.2,2.46E+07
1026,230,3,5,6052.2,73.5918,176.2,2.42E+07
1026,229,3,5,5938,111.08,193.2,2.38E+07
1026,228,3,5,5967.6,120.39,186.4,2.39E+07
1026,227,3,5,5932.5,225.369,193.2,2.37E+07
1026,226,3,5,6185.2,201.088,172.8,2.47E+07
1026,225,3,5,5758,174.652,200,2.30E+07
1026,224,3,5,5990.1,491.87,184,2.40E+07
1026,223,3,5,5568,99.6594,200,2.23E+07
1026,222,3,5,5707.7,81.021,200,2.28E+07
1026,221,3,5,5787.9,342.32,196.6,2.32E+07
1026,220,3,5,5525,185.617,200,2.21E+07
1026,219,3,5,5331.7,93.4035,200,2.13E+07
1026,218,3,5,5859.6,287.659,189.8,2.34E+07
1026,217,3,5,5433.3,232.742,200,2.17E+07
1026,216,3,5,5297,134.271,200,2.12E+07
1026,215,3,5,5539.7,262.323,196.6,2.22E+07
1026,214,3,5,5316.6,150.481,200,2.13E+07
1026,213,3,5,5267.3,224.218,205,2.11E+07
1026,212,3,5,5126.9,175.584,215,2.05E+07
1026,211,3,5,5064.2,81.8777,210,2.03E+07
1026,210,3,5,5449.5,328.191,201.6,2.18E+07
1026,209,3,5,5034.1,110.786,215,2.01E+07
1026,208,3,5,5009.6,129.229,230,2.00E+07
1026,207,3,5,5469.1,215.555,200,2.19E+07
1026,206,3,6,7314.6,165.276,142,2.93E+07
1026,205,3,6,6881.4,227.709,161.2,2.75E+07
1026,204,3,6,7063.5,131.108,149.2,2.83E+07
1026,203,3,6,6885.4,589.54,159.5,2.75E+07
1026,202,3,6,7096,241.027,154,2.84E+07
1026,201,3,6,6571.3,155.464,166,2.63E+07
1026,200,3,6,6789.2,204,163.6,2.72E+07
1026,199,3,6,6836.5,580.562,159.5,2.73E+07
1026,198,3,6,6832,210.682,161.2,2.73E+07
1026,197,3,6,6664.5,141.01,166,2.67E+07
1026,196,3,6,6542.4,176.46,166,2.62E+07
1026,195,3,6,6319.4,420.696,167,2.53E+07
1026,194,3,6,6825.8,194.912,163.6,2.73E+07
1026,193,3,6,6672.5,914.863,166.3,2.67E+07
1026,192,3,6,6382,472.035,164.6,2.55E+07
1026,191,3,6,5842.8,98.6963,196.6,2.34E+07
1026,190,3,6,6444,248.294,163.6,2.58E+07
1026,189,3,6,5782.1,137.63,196.6,2.31E+07
1026,188,3,6,6115.4,249.72,186.4,2.45E+07
1026,187,3,6,5728.1,188.909,196.6,2.29E+07
1026,186,3,6,5882.3,184.358,196.6,2.35E+07
1026,185,3,6,5562.3,123.304,200,2.23E+07
1026,184,3,6,5694.4,116.675,200,2.28E+07
1026,183,3,6,5418.9,117.218,200,2.17E+07
1026,182,3,6,5779.7,199.416,196.6,2.31E+07
1026,181,3,6,5285.3,95.8374,200,2.11E+07
1026,180,3,6,5500.6,150.2,200,2.20E+07
1026,179,3,6,5298.6,221.254,200,2.12E+07
1026,178,3,6,5439.9,145.605,200,2.18E+07
1026,177,3,6,5095.8,180.08,220,2.04E+07
1026,176,3,6,5356.3,363.254,196.6,2.14E+07
1026,175,3,6,4918.8,92.8879,240,1.97E+07
1026,174,3,6,5375.5,261.509,196.6,2.15E+07
1026,173,3,6,4979.9,82.6782,230,1.99E+07
1026,172,3,7,6585.9,210.046,166,2.63E+07
1026,171,3,7,6606.1,383.648,161.2,2.64E+07
1026,170,3,7,6795.3,171.954,163.6,2.72E+07
1026,169,3,7,6333.6,215.76,169.4,2.53E+07
1026,168,3,7,6247.4,183.13,166,2.50E+07
1026,167,3,7,6070,260.341,176.2,2.43E+07
1026,166,3,7,6285.9,277.469,169.4,2.51E+07
1026,165,3,7,5947.1,83.7275,189.8,2.38E+07
1026,164,3,7,5953.3,205.846,189.8,2.38E+07
1026,163,3,7,5762.6,124.983,196.6,2.31E+07
1026,162,3,7,6187.1,165.08,169.4,2.48E+07
1026,161,3,7,5955.9,359.948,183,2.38E+07
1026,160,3,7,5691,138.833,196.6,2.28E+07
1026,159,3,7,5533.4,188.179,200,2.21E+07
1026,158,3,7,5741.8,160.587,200,2.30E+07
1026,157,3,7,5368.1,179.886,200,2.15E+07
1026,156,3,7,5346,115.428,200,2.14E+07
1026,155,3,7,5301.7,135.869,200,2.12E+07
1026,154,3,7,5587.5,119.681,200,2.24E+07
1026,153,3,7,5243.8,378.179,206.6,2.10E+07
1026,152,3,7,5084.1,135.945,215,2.03E+07
1026,151,3,7,5201.9,699.394,214.2,2.08E+07
1026,150,3,7,5043,94.0914,210,2.02E+07
1026,149,3,7,4779.2,114.234,245,1.91E+07
1026,148,3,8,6709.6,167.22,166,2.68E+07
1026,147,3,8,6702.3,135.686,163.6,2.68E+07
1026,146,3,8,6550.3,182.502,166,2.62E+07
1026,145,3,8,6511.7,176.109,166,2.60E+07
1026,144,3,8,6327.2,214.442,166,2.53E+07
1026,143,3,8,6323.9,109.512,166,2.53E+07
1026,142,3,8,6189.7,276.181,176.2,2.48E+07
1026,141,3,8,6035.9,170.373,176.2,2.41E+07
1026,140,3,8,5857.1,87.7843,196.6,2.34E+07
1026,139,3,8,6059.2,227.778,186.4,2.42E+07
1026,138,3,8,5791.6,89.6428,200,2.32E+07
1026,137,3,8,5784.8,177.16,193.2,2.31E+07
1026,136,3,8,5523.3,183.511,200,2.21E+07
1026,135,3,8,5477.9,164.894,200,2.19E+07
1026,134,3,8,5466.8,243.272,205,2.19E+07
1026,133,3,8,5378.6,99.8781,200,2.15E+07
1026,132,3,8,5131.2,153.494,210,2.05E+07
1026,131,3,8,5300.6,196.287,205,2.12E+07
1026,130,3,8,6281.4,118.241,166,2.51E+07
1026,129,3,9,6034.3,84.1226,176.2,2.41E+07
1026,128,3,9,6008.9,142.055,186.4,2.40E+07
1026,127,3,9,5858.7,95.7821,200,2.34E+07
1026,126,3,9,5911.3,192.355,193.2,2.36E+07
1026,125,3,9,5828.8,163.236,193.2,2.33E+07
1026,124,3,9,5564.8,187.053,196.6,2.23E+07
1026,123,3,9,5494.7,130.278,200,2.20E+07
1026,122,3,9,5769.7,120.788,196.6,2.31E+07
1026,121,3,9,5267.9,181.74,200,2.11E+07
1026,120,3,9,5364.8,307.784,196.6,2.15E+07
1026,119,3,9,5106.7,109.399,210,2.04E+07
1026,118,3,9,5185.3,114.764,205,2.07E+07
1026,117,3,9,4965,252.875,230,1.99E+07
1026,116,3,9,4969.9,151.59,230,1.99E+07
1026,115,3,10,5947.2,205.889,189.8,2.38E+07
1026,114,3,10,6136.7,211.257,172.8,2.45E+07
1026,113,3,10,17724.7,7771.32,65.8,7.09E+07
1026,112,3,10,9629.5,1951.72,120.2,3.85E+07
1026,111,3,10,5527.9,269.697,196.6,2.21E+07
1026,110,3,10,5729.4,101.333,200,2.29E+07
1026,109,3,10,5236.4,169.6,200,2.09E+07
1026,108,3,10,5366.8,199.766,200,2.15E+07
1026,107,3,10,5003.7,170.523,225,2.00E+07
1026,106,3,10,5195,189.196,210,2.08E+07
1026,105,3,10,4928.9,133.983,235,1.97E+07
1026,104,3,11,5773.2,124.517,200,2.31E+07
1026,103,3,11,5682.3,83.0338,200,2.27E+07
1026,102,3,11,5826.4,162.422,196.6,2.33E+07
1026,101,3,11,5574.7,139.158,200,2.23E+07
1026,100,3,11,5519.4,272.454,196.6,2.21E+07
1026,99,3,11,5225.2,116.639,200,2.09E+07
1026,98,3,11,5332.8,166.404,200,2.13E+07
1026,97,3,11,5202,246.032,215,2.08E+07
1026,96,3,11,5052.5,119.919,220,2.02E+07
1026,95,3,12,5884.8,86.1728,196.6,2.35E+07
1026,94,3,12,6098.3,230.033,172.8,2.44E+07
1026,93,3,12,5803.2,188.191,196.6,2.32E+07
1026,92,3,12,5787.3,93.8318,200,2.32E+07
1026,91,3,12,5459.1,139.648,200,2.18E+07
1026,90,3,12,5505.8,155.527,200,2.20E+07
1026,89,3,12,5183.5,139.002,210,2.07E+07
1026,88,3,12,5543.5,436.002,196.6,2.22E+07
1026,87,3,13,5830.2,398.016,193.2,2.33E+07
1026,86,3,13,5696.8,158.07,196.6,2.28E+07
1026,85,3,13,5451.3,163.875,200,2.18E+07
1026,84,3,13,5245.3,94.2434,200,2.10E+07
1026,83,3,13,5261.5,221.808,205,2.10E+07
1026,82,3,13,5401.2,181.157,200,2.16E+07
1026,81,3,13,4983.6,206.36,235,1.99E+07
1026,80,3,14,5701.3,161.715,196.6,2.28E+07
1026,79,3,14,5512.6,104.799,200,2.21E+07
1026,78,3,14,5643.1,112.505,200,2.26E+07
1026,77,3,14,5254.1,164.061,200,2.10E+07
1026,76,3,14,5105.2,155.684,215,2.04E+07
1026,75,3,15,5647.5,196.804,200,2.26E+07
1026,74,3,15,5986.9,199.057,186.4,2.40E+07
1026,73,3,15,5349.2,110.365,200,2.14E+07
1026,72,3,15,5217.5,205.079,205,2.09E+07
1026,71,3,15,5106.2,156.154,215,2.04E+07
1026,70,3,16,5850.7,167.934,196.6,2.34E+07
1026,69,3,16,5690.4,186.038,196.6,2.28E+07
1026,68,3,16,5531.8,196.019,200,2.21E+07
1026,67,3,16,5276.3,109.5,200,2.11E+07
1026,66,3,16,5664.6,401.264,193.2,2.27E+07
1026,65,3,17,5489.5,181.256,200,2.20E+07
1026,64,3,17,5328.7,200.939,200,2.13E+07
1026,63,3,17,5227.7,219.32,205,2.09E+07
1026,62,3,18,5767.1,148.994,196.6,2.31E+07
1026,61,3,18,5400.1,96.9994,200,2.16E+07
1026,60,3,18,5293.2,288.556,200,2.12E+07
1026,59,3,18,4996.4,184.29,225,2.00E+07
1026,58,3,19,5777.6,84.4964,200,2.31E+07
1026,57,3,19,5213.1,87.4979,200,2.09E+07
1026,56,3,19,4987.2,109.548,225,2.00E+07
1026,55,3,20,5323.1,177.485,200,2.13E+07
1026,54,3,20,5483.1,176.11,200,2.19E+07
1026,53,3,21,5479.4,125.648,200,2.19E+07
1026,52,3,21,5312.5,84.6277,200,2.13E+07
1026,51,3,21,5399.5,646.002,194.2,2.16E+07
1026,50,3,22,5538.4,106.773,200,2.22E+07
1026,49,3,22,5139.7,148.629,205,2.06E+07
1026,48,3,23,5409.4,140.888,200,2.16E+07
1026,47,3,23,5186.2,109.934,205,2.07E+07
1026,46,3,24,5630.2,264.915,193.2,2.25E+07
1026,45,3,24,5510,164.343,200,2.20E+07
1026,44,3,25,5497.2,178.867,200,2.20E+07
1026,43,3,25,5222.8,147.925,200,2.09E+07
1026,42,3,26,5459.5,138.943,200,2.18E+07
1026,41,3,27,5399.5,173.567,200,2.16E+07
1026,40,3,27,5213.2,73.2432,200,2.09E+07
1026,39,3,28,5321.4,168.155,200,2.13E+07
1026,38,3,29,5585.1,372.77,196.6,2.23E+07
1026,37,3,30,5573.8,181.889,200,2.23E+07
1026,36,3,31,5468.4,168.452,200,2.19E+07
1026,35,3,32,5612.3,177.076,196.6,2.25E+07
1026,34,3,32,5400.3,275.046,200,2.16E+07
1026,33,3,34,5756,417.633,193.2,2.30E+07
1026,32,3,35,5498.6,168.652,200,2.20E+07
1026,31,3,36,5414.3,168.325,200,2.17E+07
1026,30,3,37,5608.3,483.499,196.6,2.24E+07
1026,29,3,38,5564.8,660.988,194.2,2.23E+07
1026,28,3,40,5592.6,140.987,200,2.24E+07
1026,27,3,41,5409.8,131.197,200,2.16E+07
1026,26,3,43,5627.1,186.913,196.6,2.25E+07
1026,25,3,45,5447.8,147.749,200,2.18E+07
1026,24,3,47,5564.7,189.434,200,2.23E+07
1026,23,3,49,5718,390.302,193.2,2.29E+07
1026,22,3,52,5761.4,130.811,200,2.30E+07
1026,21,3,54,5603.4,176.01,196.6,2.24E+07
1026,20,3,57,5770.8,221.058,196.6,2.31E+07
1026,19,3,61,5819,156.281,196.6,2.33E+07
1026,18,3,64,5925.5,173.877,193.2,2.37E+07
1026,17,3,69,5729.5,120.712,200,2.29E+07
1026,16,3,74,5980.4,79.0673,186.4,2.39E+07
1026,15,3,79,5706.2,183.256,196.6,2.28E+07
1026,14,3,86,5508.3,128.204,200,2.20E+07
1026,13,3,94,5676.2,145.798,196.6,2.27E+07
1026,12,3,103,5806.6,235.899,196.6,2.32E+07
1026,11,3,114,5744.2,114.856,200,2.30E+07
1026,10,3,128,5885.1,157.561,193.2,2.35E+07
1026,9,3,147,6175.8,142.716,166,2.47E+07
1026,8,3,171,6284.2,211.737,166,2.51E+07
1026,7,3,205,6147.9,205.13,176.2,2.46E+07
1026,6,3,256,6705.9,172.343,166,2.68E+07
1026,5,3,342,7370.7,332.109,142.7,2.95E+07
1026,4,3,512,8585.2,298.197,123.6,3.43E+07
